{
  "02-19 13:45": 0.06265296821598992,
  "02-19 13:49": 0.06265257184900928,
  "02-19 13:50": 0.06265257184900928,
  "02-19 13:51": 0.06265257184900928,
  "02-19 13:55": 0.06265257184900928,
  "02-19 13:56": 0.06265257184900928,
  "02-19 13:57": 10.277828380978294,
  "02-19 13:59": 0.06265257184900928,
  "02-19 14:00": 0.06265257184900928
}