{
  "02-19 17:11": 10.276621140010642,
  "02-19 17:12": 10.276621140010642,
  "02-19 17:13": 10.276621140010642,
  "02-19 17:14": 10.276621140010642,
  "02-19 17:15": 10.276621140010642
}