{
  "02-17 14:24": 0.09853829768944757,
  "02-17 14:28": 0.09853449397998597,
  "02-17 14:29": 0.09853384586128344,
  "02-17 14:31": 0.09853142307460024,
  "02-17 14:32": 0.0985298070086189,
  "02-17 14:33": 0.09852813530865127,
  "02-17 14:34": 0.09852653429888063,
  "02-17 14:39": 0.09852330850974936,
  "02-17 14:43": 0.09852350058846161,
  "02-17 14:45": 0.09852432451126139,
  "02-17 14:53": 0.09852915811233755,
  "02-17 15:22": 0.09855262124775463,
  "02-17 15:24": 0.09855311039589874,
  "02-17 15:26": 0.09855407103813943,
  "02-17 15:27": 0.09855437636161246,
  "02-17 15:28": 0.09855466461618848,
  "02-17 15:29": 0.09855507652853206,
  "02-17 17:03": 0.09853362401116611,
  "02-17 17:06": 0.09853313722898327,
  "02-17 17:10": 0.09853239783020855,
  "02-17 17:11": 0.09853220853813259,
  "02-17 17:12": 0.09853196429204175,
  "02-17 17:25": 0.09853274366180252,
  "02-17 17:32": 0.09853300296265961,
  "02-17 17:33": 0.09853299878186515,
  "02-17 17:41": 0.09853641745144272,
  "02-17 17:43": 0.09853691837489825,
  "02-17 18:02": 0.09853495782072484,
  "02-17 18:05": 0.09853446480860267,
  "02-17 18:07": 0.09853416950925258,
  "02-17 18:08": 0.09853412423017846,
  "02-17 18:11": 0.09853320372017754,
  "02-17 18:12": 0.09853276624723643,
  "02-17 18:13": 0.09853252464609494,
  "02-17 18:14": 0.09853227685872469,
  "02-17 18:17": 0.09853117754236086,
  "02-17 18:18": 0.09853103981039422,
  "02-17 18:19": 0.09853059136249197,
  "02-17 18:55": 0.09849187418322122,
  "02-17 18:56": 0.0984840260483619,
  "02-17 19:02": 0.09847811619933707,
  "02-17 19:04": 0.0984772053236706,
  "02-17 19:05": 0.09847851135982122,
  "02-17 19:06": 0.09849060984449816,
  "02-17 19:09": 0.09848822938109372,
  "02-17 19:10": 0.09848473349966094,
  "02-17 19:11": 0.09846378691109188,
  "02-17 19:18": 0.09845487193199894,
  "02-17 19:24": 0.06995099078786236,
  "02-17 19:28": 0.07001472766901451,
  "02-17 19:30": 0.06993042570165173,
  "02-17 19:31": 0.06996671411253277,
  "02-17 19:32": 0.06992883401979182,
  "02-17 19:33": 0.06999429402652646,
  "02-17 19:34": 0.06999818707953755,
  "02-17 19:35": 0.0699642494629489,
  "02-17 19:39": 0.06948120219551077,
  "02-17 19:43": 0.06944401098709964,
  "02-17 19:45": 0.06976719503524628,
  "02-17 19:46": 0.0697640219653999,
  "02-17 19:47": 0.06938525665880733,
  "02-17 19:48": 0.06929149381152855,
  "02-17 19:50": 0.06935608500551158,
  "02-17 19:58": 0.06932464272343225,
  "02-17 19:59": 0.06929704903114302,
  "02-17 20:09": 0.06968954320169417,
  "02-17 20:11": 0.06968300238226996,
  "02-17 20:16": 0.06966697224362173,
  "02-17 20:19": 0.06965754492241646,
  "02-17 20:23": 0.0696451747666865,
  "02-18 09:14": 0.06683609356306983,
  "02-18 10:38": 0.06608254599578134,
  "02-18 10:39": 0.07345593020153318,
  "02-18 10:40": 0.07458644713894681,
  "02-18 10:41": 0.06430227983298059,
  "02-18 10:42": 0.06416473996112924,
  "02-18 10:44": 0.09195537928908142,
  "02-18 10:51": 0.0967997283059602,
  "02-18 10:52": 0.08891106992703693,
  "02-18 10:53": 0.08891117660488297,
  "02-18 10:54": 0.06647561301146696,
  "02-18 11:33": 0.06636497778588407,
  "02-18 11:43": 0.06633657917028597,
  "02-18 11:47": 0.0640112780349134,
  "02-18 11:48": 0.06700119294274468,
  "02-18 11:49": 0.06272721377407497,
  "02-18 11:58": 0.06630159766013272,
  "02-18 11:59": 0.06629696782326384,
  "02-18 12:00": 0.06668585293757771,
  "02-18 12:02": 0.06513654921058859,
  "02-18 12:03": 0.06513686578988889,
  "02-18 12:05": 0.0648855274967237,
  "02-18 12:07": 0.06513791494694404,
  "02-18 12:08": 0.06513807778274681,
  "02-18 12:48": 0.07236184890866366,
  "02-18 12:50": 0.07236344689602216,
  "02-18 12:51": 0.07859116807979596,
  "02-18 12:52": 0.0640752183991555,
  "02-18 12:53": 0.06562148992326128,
  "02-18 12:54": 0.0768695681124774,
  "02-18 12:55": 0.07745938865949693,
  "02-18 12:56": 0.07082770402090843,
  "02-18 12:57": 0.06701291878285476,
  "02-18 13:00": 0.06700220944324799,
  "02-18 13:01": 0.06626180197299879,
  "02-18 13:02": 0.06607387834041627,
  "02-18 13:03": 0.06607072560288209,
  "02-18 13:04": 0.06526110338458563,
  "02-18 13:05": 0.06607248005560583,
  "02-18 13:06": 0.06559962727911782,
  "02-18 13:07": 0.06723529162487504,
  "02-18 13:08": 0.07075390237998389,
  "02-18 13:10": 0.07164450464389181,
  "02-18 13:11": 0.06577974266179135,
  "02-18 13:12": 0.0660965417056759,
  "02-18 13:13": 0.06598197567054147,
  "02-18 13:16": 0.06593553312514684,
  "02-18 13:17": 0.06629636017656736,
  "02-18 13:20": 0.06549302015060048,
  "02-18 13:21": 0.07010862292426892,
  "02-18 13:23": 0.07926832165395489,
  "02-18 13:24": 0.07075030862359276,
  "02-18 13:25": 0.07075091406915246,
  "02-18 13:26": 0.0707500563117903,
  "02-18 13:30": 0.07166444852465409,
  "02-18 13:31": 0.07588313425485928,
  "02-18 13:32": 0.0738083130207296,
  "02-18 13:33": 0.06556422252559006,
  "02-18 13:34": 0.06386313067390129,
  "02-18 13:35": 0.06625794799526431,
  "02-18 13:36": 0.06688309116405965,
  "02-18 13:37": 0.06625649711693785,
  "02-18 13:39": 0.07252786760066832,
  "02-18 14:07": 0.06594591345579769,
  "02-18 14:16": 0.06591390303636153,
  "02-18 14:17": 0.09639035656938626,
  "02-18 14:20": 0.09638977179360672,
  "02-18 14:23": 0.09639028552136508,
  "02-18 14:24": 0.09639074605978766,
  "02-18 14:28": 0.09639233412691664,
  "02-18 14:30": 0.08903018735489784,
  "02-18 14:43": 0.08903240112066597,
  "02-18 14:50": 0.08901182944591927,
  "02-18 14:51": 0.08871027237577174,
  "02-18 14:52": 0.08823192265295952,
  "02-18 14:53": 0.06577182899491535,
  "02-18 14:54": 0.06569786092608262,
  "02-18 14:55": 0.06567645388267186,
  "02-18 15:05": 0.06581469746863905,
  "02-18 15:10": 0.06570275237797714,
  "02-18 15:11": 0.08927439143365837,
  "02-18 15:12": 0.07310229802773534,
  "02-18 15:13": 0.07338263158204426,
  "02-18 15:14": 0.09746867147674709,
  "02-18 15:15": 0.0963754538217318,
  "02-18 15:22": 0.09637481631441774,
  "02-18 15:26": 0.09637668155198496,
  "02-18 15:27": 0.09637750293962546,
  "02-18 15:28": 0.09637684307063936,
  "02-18 15:29": 0.006328458375129849,
  "02-18 16:21": 0.006321380200974829,
  "02-18 16:22": 0.006321265573944012,
  "02-18 16:28": 0.006320140501418466,
  "02-18 16:32": 0.0063198005131634965,
  "02-18 17:01": 0.006313915193326972,
  "02-18 17:02": 0.006759336950784782,
  "02-18 17:03": 0.06952858286477512,
  "02-18 17:05": 0.0714659628619924,
  "02-18 17:06": 0.07157355201201233,
  "02-18 17:10": 0.06950935717308528,
  "02-18 17:11": 0.07110954068216487,
  "02-18 17:12": 0.07208449076427617,
  "02-18 17:13": 0.06944406001239628,
  "02-18 17:14": 0.06526735739560506,
  "02-18 17:15": 0.08567763987084355,
  "02-18 17:16": 0.08106898973411432,
  "02-18 17:17": 0.09649566691065913,
  "02-18 17:20": 0.09649566691065913,
  "02-18 17:22": 0.006297516939953192,
  "02-18 17:27": 0.006297516939953192,
  "02-18 17:29": 0.006297516939953192,
  "02-18 17:40": 0.006297516939953192,
  "02-18 17:41": 0.006297516939953192,
  "02-18 17:43": 0.006297516939953192,
  "02-18 17:44": 0.006297516939953192,
  "02-18 17:58": 0.006297516939953192,
  "02-18 17:59": 0.006297516939953192,
  "02-18 18:01": 0.006297516939953192,
  "02-18 18:03": 0.006297516939953192,
  "02-18 18:04": 0.006297516939953192,
  "02-18 18:05": 0.006297516939953192,
  "02-18 20:43": 0.006296634875530821,
  "02-18 20:50": 0.006296047422824916,
  "02-18 20:51": 0.006296047422824916,
  "02-18 20:52": 0.006296047422824916,
  "02-18 20:55": 0.006296468167914501,
  "02-18 21:00": 0.006296468167914501,
  "02-18 21:01": 0.006296468167914501,
  "02-18 21:02": 0.006296468167914501,
  "02-18 21:03": 0.006296468167914501,
  "02-18 21:04": 0.0060444858720318274,
  "02-18 21:07": 0.0060444858720318274,
  "02-18 21:08": 0.006295448551942224,
  "02-18 21:20": 0.006296727254669908,
  "02-18 22:41": 0.0965616018616778,
  "02-18 22:42": 0.006295654752913695,
  "02-18 22:43": 0.006295654752913695,
  "02-18 22:45": 0.006296003279550278,
  "02-18 22:47": 0.006296003279550278,