{
  "02-17 14:24": 0.09853829768944757,
  "02-17 14:28": 0.09853449397998597,
  "02-17 14:29": 0.09853384586128344,
  "02-17 14:31": 0.09853142307460024,
  "02-17 14:32": 0.0985298070086189,
  "02-17 14:33": 0.09852813530865127,
  "02-17 14:34": 0.09852653429888063,
  "02-17 14:39": 0.09852330850974936,
  "02-17 14:43": 0.09852350058846161,
  "02-17 14:45": 0.09852432451126139,
  "02-17 14:53": 0.09852915811233755,
  "02-17 15:22": 0.09855262124775463,
  "02-17 15:24": 0.09855311039589874,
  "02-17 15:26": 0.09855407103813943,
  "02-17 15:27": 0.09855437636161246,
  "02-17 15:28": 0.09855466461618848,
  "02-17 15:29": 0.09855507652853206,
  "02-17 17:03": 0.09853362401116611,
  "02-17 17:06": 0.09853313722898327,
  "02-17 17:10": 0.09853239783020855,
  "02-17 17:11": 0.09853220853813259,
  "02-17 17:12": 0.09853196429204175,
  "02-17 17:25": 0.09853274366180252,
  "02-17 17:32": 0.09853300296265961,
  "02-17 17:33": 0.09853299878186515,
  "02-17 17:41": 0.09853641745144272,
  "02-17 17:43": 0.09853691837489825,
  "02-17 18:02": 0.09853495782072484,
  "02-17 18:05": 0.09853446480860267,
  "02-17 18:07": 0.09853416950925258,
  "02-17 18:08": 0.09853412423017846,
  "02-17 18:11": 0.09853320372017754,
  "02-17 18:12": 0.09853276624723643,
  "02-17 18:13": 0.09853252464609494,
  "02-17 18:14": 0.09853227685872469,
  "02-17 18:17": 0.09853117754236086,
  "02-17 18:18": 0.09853103981039422,
  "02-17 18:19": 0.09853059136249197,
  "02-17 18:24": 0.13871925541099966,
  "02-17 18:26": null,
  "02-17 18:27": 0.13889894163884142,
  "02-17 18:30": 0.12664777905910307,
  "02-17 18:33": 0.0007466925180869402,
  "02-17 18:38": 0.0007492698825236376,
  "02-17 18:39": 0.0005980753394276718,
  "02-17 18:41": 0.0006581769838683727,
  "02-17 18:43": 0.0007644587358045763
}