{
  "TradeEngine": {
    "realtime_price": {
      "ADA-USDT": 0.877,
      "SOL-USDT": 137.59,
      "BTC-USDT": 86102,
      "ETH-USDT": 2189.98,
      "TRUMP-USDT": 12.029,
      "OKB-USDT": 43.68
    },
    "_beta_map": {
      "SOL-USDT": [
        1,
        0
      ],
      "BTC-USDT": [
        0.0016238142276889923,
        0
      ],
      "ETH-USDT": [
        0.06525962532245771,
        0
      ],
      "TRUMP-USDT": [
        10.626483276701023,
        0
      ],
      "OKB-USDT": [
        3.303228920327634,
        0
      ],
      "ADA-USDT": [
        217.40917002349107,
        0
      ]
    }
  },
  "HedgeProcessor": {
    "BTC-USDT:ETH-USDT": {
      "_prev_diff_rate": 0
    },
    "ETH-USDT:OKB-USDT": {
      "_prev_diff_rate": 0
    },
    "BTC-USDT:OKB-USDT": {
      "_prev_diff_rate": 0.020778845336069607
    },
    "BTC-USDT:SOL-USDT": {
      "_prev_diff_rate": 0
    },
    "ETH-USDT:SOL-USDT": {
      "_prev_diff_rate": 0
    },
    "OKB-USDT:SOL-USDT": {
      "_prev_diff_rate": 0.03710384217930253
    }
  }
}