{
  "TradeEngine": {
    "realtime_price": {
      "SOL-USDT": 142.54,
      "BTC-USDT": 87435.9,
      "ETH-USDT": 2195.79,
      "TRUMP-USDT": 13.001,
      "OKB-USDT": 42.9,
      "ADA-USDT": 0.8108
    },
    "_beta_map": {
      "SOL-USDT": [
        1,
        0
      ],
      "BTC-USDT": [
        0.0016366535509184398,
        0
      ],
      "ETH-USDT": [
        0.06548288237261195,
        0
      ],
      "TRUMP-USDT": [
        10.659454022544393,
        0
      ],
      "OKB-USDT": [
        3.110520494706972,
        0
      ],
      "ADA-USDT": [
        216.19436190196947,
        0
      ]
    }
  },
  "HedgeProcessor": {
    "BTC-USDT:ETH-USDT": {
      "_prev_diff_rate": 0
    },
    "ETH-USDT:OKB-USDT": {
      "_prev_diff_rate": 0.034968104229934835
    },
    "BTC-USDT:OKB-USDT": {
      "_prev_diff_rate": 0.051690125415971566
    }
  }
}