{
  "TradeEngine": {
    "realtime_price": {
      "SOL-USDT": 148.82,
      "BTC-USDT": 92251.9,
      "ETH-USDT": 2300.25,
      "TRUMP-USDT": 13.54,
      "OKB-USDT": 44.37,
      "ADA-USDT": 0.8108
    },
    "_beta_map": {
      "SOL-USDT": [
        1,
        0
      ],
      "BTC-USDT": [
        0.0016303229912149352,
        0
      ],
      "ETH-USDT": [
        0.06376648817147564,
        0
      ],
      "TRUMP-USDT": [
        10.615159029629638,
        0
      ],
      "OKB-USDT": [
        3.4641142116347168,
        0
      ],
      "ADA-USDT": [
        216.19436190196947,
        0
      ]
    }
  },
  "HedgeProcessor": {
    "BTC-USDT:ETH-USDT": {
      "_prev_diff_rate": 0.020997708201384045
    },
    "ETH-USDT:OKB-USDT": {
      "_prev_diff_rate": 0.034968104229934835
    },
    "BTC-USDT:OKB-USDT": {
      "_prev_diff_rate": 0.051690125415971566
    }
  }
}