{
  "TradeEngine": {
    "realtime_price": {
      "SOL-USDT": 150.2,
      "BTC-USDT": 91451.9,
      "ETH-USDT": 2294.9,
      "TRUMP-USDT": 13.55,
      "OKB-USDT": 44.2,
      "ADA-USDT": 0.8108
    },
    "_beta_map": {
      "SOL-USDT": [
        1,
        0
      ],
      "BTC-USDT": [
        0.001629437527370792,
        0
      ],
      "ETH-USDT": [
        0.06422363782169477,
        0
      ],
      "TRUMP-USDT": [
        10.615407247149244,
        0
      ],
      "OKB-USDT": [
        3.317733634045439,
        0
      ],
      "ADA-USDT": [
        216.19436190196947,
        0
      ]
    }
  },
  "HedgeProcessor": {
    "BTC-USDT:ETH-USDT": {
      "_prev_diff_rate": 0.020997708201384045
    },
    "ETH-USDT:OKB-USDT": {
      "_prev_diff_rate": 0
    },
    "BTC-USDT:OKB-USDT": {
      "_prev_diff_rate": 0.051690125415971566
    }
  }
}