{
  "TradeEngine": {
    "realtime_price": {
      "ADA-USDT": 0.877,
      "SOL-USDT": 143.66,
      "BTC-USDT": 89144,
      "ETH-USDT": 2195.1,
      "TRUMP-USDT": 13.168,
      "OKB-USDT": 43.68
    },
    "_beta_map": {
      "SOL-USDT": [
        1,
        0
      ],
      "BTC-USDT": [
        0.001625292009643519,
        0
      ],
      "ETH-USDT": [
        0.06533107359057136,
        0
      ],
      "TRUMP-USDT": [
        10.997329436281477,
        0
      ],
      "OKB-USDT": [
        3.262928471097561,
        0
      ],
      "ADA-USDT": [
        217.40917002349107,
        0
      ]
    }
  },
  "HedgeProcessor": {
    "BTC-USDT:ETH-USDT": {
      "_prev_diff_rate": 0
    },
    "ETH-USDT:OKB-USDT": {
      "_prev_diff_rate": 0.022813920683585336
    },
    "BTC-USDT:OKB-USDT": {
      "_prev_diff_rate": 0.03199346760597521
    }
  }
}