{
  "TradeEngine": {
    "realtime_price": {
      "SOL-USDT": 142.61,
      "BTC-USDT": 87438.9,
      "ETH-USDT": 2180.56,
      "TRUMP-USDT": 13.065,
      "OKB-USDT": 42.76,
      "ADA-USDT": 0.8108
    },
    "_beta_map": {
      "SOL-USDT": [
        1,
        0
      ],
      "BTC-USDT": [
        0.001636498100230088,
        0
      ],
      "ETH-USDT": [
        0.06550903316907296,
        0
      ],
      "TRUMP-USDT": [
        10.65821134615044,
        0
      ],
      "OKB-USDT": [
        3.110520494706972,
        0
      ],
      "ADA-USDT": [
        216.19436190196947,
        0
      ]
    }
  },
  "HedgeProcessor": {
    "BTC-USDT:ETH-USDT": {
      "_prev_diff_rate": 0
    },
    "ETH-USDT:OKB-USDT": {
      "_prev_diff_rate": 0.034968104229934835
    },
    "BTC-USDT:OKB-USDT": {
      "_prev_diff_rate": 0.051690125415971566
    }
  }
}