{
  "TradeEngine": {
    "realtime_price": {
      "ADA-USDT": 0.877,
      "OKB-USDT": 38.19,
      "IP-USDT": 5.5187,
      "BTC-USDT": 80189.8,
      "SOL-USDT": 121.84,
      "ETH-USDT": 1839.73,
      "TRUMP-USDT": 10.326,
      "XRP-USDT": 2.2321
    },
    "_beta_map": {
      "SOL-USDT": [
        642.1328509243829,
        0
      ],
      "BTC-USDT": [
        1,
        0
      ],
      "ETH-USDT": [
        40.58115326976065,
        0
      ],
      "TRUMP-USDT": [
        7465.691683196028,
        0
      ],
      "OKB-USDT": [
        3.1648334367358433,
        0
      ],
      "ADA-USDT": [
        217.40917002349107,
        0
      ],
      "XRP-USDT": [
        37651.86529499194,
        0
      ],
      "IP-USDT": [
        15182.679658363111,
        0
      ]
    }
  },
  "HedgeProcessor": {
    "BTC-USDT:ETH-USDT": {
      "_prev_diff_rate": 0.04426346423876845
    },
    "ETH-USDT:OKB-USDT": {
      "_prev_diff_rate": 0.05868356483923334
    },
    "BTC-USDT:OKB-USDT": {
      "_prev_diff_rate": 0.022954113936403404
    },
    "BTC-USDT:SOL-USDT": {
      "_prev_diff_rate": 0.03591977407490658
    },
    "ETH-USDT:SOL-USDT": {
      "_prev_diff_rate": 0
    },
    "OKB-USDT:SOL-USDT": {
      "_prev_diff_rate": 0.05575253233515144
    },
    "BTC-USDT:XRP-USDT": {
      "_prev_diff_rate": 0.028996758924591894
    }
  }
}