{
  "TradeEngine": {
    "realtime_price": {
      "SOL-USDT": 141.75,
      "BTC-USDT": 87026.7,
      "ETH-USDT": 2163.6,
      "TRUMP-USDT": 13.058,
      "OKB-USDT": 42.98,
      "ADA-USDT": 0.8108
    },
    "_beta_map": {
      "SOL-USDT": [
        1,
        0
      ],
      "BTC-USDT": [
        0.0016401056225648638,
        0
      ],
      "ETH-USDT": [
        0.06560236624505299,
        0
      ],
      "TRUMP-USDT": [
        10.655113039245682,
        0
      ],
      "OKB-USDT": [
        3.1088459953828895,
        0
      ],
      "ADA-USDT": [
        216.19436190196947,
        0
      ]
    }
  },
  "HedgeProcessor": {
    "BTC-USDT:ETH-USDT": {
      "_prev_diff_rate": 0
    },
    "ETH-USDT:OKB-USDT": {
      "_prev_diff_rate": 0.034968104229934835
    },
    "BTC-USDT:OKB-USDT": {
      "_prev_diff_rate": 0.051690125415971566
    }
  }
}