{
  "TradeEngine": {
    "realtime_price": {
      "SOL-USDT": 137.98,
      "BTC-USDT": 83798.7,
      "ETH-USDT": 2100.5,
      "TRUMP-USDT": 12.425,
      "OKB-USDT": 42.44
    },
    "_beta_map": {
      "SOL-USDT": [
        1,
        0
      ],
      "BTC-USDT": [
        0.0016316228816782477,
        0
      ],
      "ETH-USDT": [
        0.05959607754452664,
        0
      ],
      "TRUMP-USDT": [
        10.651702990391085,
        0
      ],
      "OKB-USDT": [
        3.0820806664848046,
        0
      ]
    }
  },
  "processor": {
    "_prev_diff_rate": {
      "BTC-USDT:ETH-USDT": 0.04482981679747404,
      "ETH-USDT:OKB-USDT": 0.025202090046450597,
      "BTC-USDT:OKB-USDT": 0.027223979055749015
    }
  }
}