{
  "TradeEngine": {
    "realtime_price": {
      "ADA-USDT": 0.877,
      "OKB-USDT": 38.19,
      "IP-USDT": 5.5187,
      "BTC-USDT": 82597.2,
      "SOL-USDT": 127.91,
      "ETH-USDT": 1878.39,
      "TRUMP-USDT": 11.294,
      "XRP-USDT": 2.2746
    },
    "_beta_map": {
      "SOL-USDT": [
        654.5571250705195,
        0
      ],
      "BTC-USDT": [
        1,
        0
      ],
      "ETH-USDT": [
        43.53679454846068,
        0
      ],
      "TRUMP-USDT": [
        7599.2351251895225,
        0
      ],
      "OKB-USDT": [
        3.1648334367358433,
        0
      ],
      "ADA-USDT": [
        217.40917002349107,
        0
      ],
      "XRP-USDT": [
        36770.76615220438,
        0
      ],
      "IP-USDT": [
        15182.679658363111,
        0
      ]
    }
  },
  "HedgeProcessor": {
    "BTC-USDT:ETH-USDT": {
      "_prev_diff_rate": 0.04426346423876845
    },
    "ETH-USDT:OKB-USDT": {
      "_prev_diff_rate": 0.05868356483923334
    },
    "BTC-USDT:OKB-USDT": {
      "_prev_diff_rate": 0.022954113936403404
    },
    "BTC-USDT:SOL-USDT": {
      "_prev_diff_rate": 0.03591977407490658
    },
    "ETH-USDT:SOL-USDT": {
      "_prev_diff_rate": 0
    },
    "OKB-USDT:SOL-USDT": {
      "_prev_diff_rate": 0.05575253233515144
    },
    "BTC-USDT:XRP-USDT": {
      "_prev_diff_rate": 0.040717582583395154
    }
  }
}