{
  "TradeEngine": {
    "realtime_price": {
      "ADA-USDT": 0.877,
      "OKB-USDT": 38.19,
      "IP-USDT": 5.5187,
      "BTC-USDT": 87514.2,
      "SOL-USDT": 139.47,
      "ETH-USDT": 2028.39,
      "TRUMP-USDT": 11.608,
      "XRP-USDT": 2.3738
    },
    "_beta_map": {
      "SOL-USDT": [
        649.6895228394674,
        0
      ],
      "BTC-USDT": [
        1,
        0
      ],
      "ETH-USDT": [
        42.778050783462156,
        0
      ],
      "TRUMP-USDT": [
        7528.996036269461,
        0
      ],
      "OKB-USDT": [
        3.1648334367358433,
        0
      ],
      "ADA-USDT": [
        217.40917002349107,
        0
      ],
      "XRP-USDT": [
        35383.01708729081,
        0
      ],
      "IP-USDT": [
        15182.679658363111,
        0
      ]
    }
  },
  "HedgeProcessor": {
    "BTC-USDT:ETH-USDT": {
      "_prev_diff_rate": 0.04426346423876845
    },
    "ETH-USDT:OKB-USDT": {
      "_prev_diff_rate": 0.05868356483923334
    },
    "BTC-USDT:OKB-USDT": {
      "_prev_diff_rate": 0.022954113936403404
    },
    "BTC-USDT:SOL-USDT": {
      "_prev_diff_rate": 0.03591977407490658
    },
    "ETH-USDT:SOL-USDT": {
      "_prev_diff_rate": 0
    },
    "OKB-USDT:SOL-USDT": {
      "_prev_diff_rate": 0.05575253233515144
    },
    "BTC-USDT:XRP-USDT": {
      "_prev_diff_rate": 0.020738082610957637
    }
  }
}