{
  "TradeEngine": {
    "realtime_price": {
      "SOL-USDT": 147.55,
      "BTC-USDT": 91315.8,
      "ETH-USDT": 2270.72,
      "TRUMP-USDT": 13.305,
      "OKB-USDT": 44.11,
      "ADA-USDT": 0.8108
    },
    "_beta_map": {
      "SOL-USDT": [
        1,
        0
      ],
      "BTC-USDT": [
        0.0016332666971948654,
        0
      ],
      "ETH-USDT": [
        0.06374839861570594,
        0
      ],
      "TRUMP-USDT": [
        10.614314761181575,
        0
      ],
      "OKB-USDT": [
        3.4769070799579147,
        0
      ],
      "ADA-USDT": [
        216.19436190196947,
        0
      ]
    }
  },
  "HedgeProcessor": {
    "BTC-USDT:ETH-USDT": {
      "_prev_diff_rate": 0.020997708201384045
    },
    "ETH-USDT:OKB-USDT": {
      "_prev_diff_rate": 0.034968104229934835
    },
    "BTC-USDT:OKB-USDT": {
      "_prev_diff_rate": 0.051690125415971566
    }
  }
}