{
  "TradeEngine": {
    "realtime_price": {
      "SOL-USDT": 144.36,
      "BTC-USDT": 87488.2,
      "ETH-USDT": 2182.6,
      "TRUMP-USDT": 13.193,
      "OKB-USDT": 42.77,
      "ADA-USDT": 0.8108
    },
    "_beta_map": {
      "SOL-USDT": [
        1,
        0
      ],
      "BTC-USDT": [
        0.001640571762936735,
        0
      ],
      "ETH-USDT": [
        0.06515722344131206,
        0
      ],
      "TRUMP-USDT": [
        10.654055012366387,
        0
      ],
      "OKB-USDT": [
        3.1087512544810343,
        0
      ],
      "ADA-USDT": [
        216.19436190196947,
        0
      ]
    }
  },
  "processor": {
    "_prev_diff_rate": {
      "BTC-USDT:ETH-USDT": 0,
      "ETH-USDT:OKB-USDT": 0.023280384099657117,
      "BTC-USDT:OKB-USDT": 0.051690125415971566
    }
  }
}