{
  "TradeEngine": {
    "realtime_price": {
      "SOL-USDT": 147.63,
      "BTC-USDT": 90633.8,
      "ETH-USDT": 2222.91,
      "TRUMP-USDT": 13.46,
      "OKB-USDT": 43.53,
      "ADA-USDT": 0.8108
    },
    "_beta_map": {
      "SOL-USDT": [
        1,
        0
      ],
      "BTC-USDT": [
        0.0016388878037189593,
        0
      ],
      "ETH-USDT": [
        0.0637085288623273,
        0
      ],
      "TRUMP-USDT": [
        10.612061336343636,
        0
      ],
      "OKB-USDT": [
        3.4850065218103823,
        0
      ],
      "ADA-USDT": [
        216.19436190196947,
        0
      ]
    }
  },
  "HedgeProcessor": {
    "BTC-USDT:ETH-USDT": {
      "_prev_diff_rate": 0.020997708201384045
    },
    "ETH-USDT:OKB-USDT": {
      "_prev_diff_rate": 0.034968104229934835
    },
    "BTC-USDT:OKB-USDT": {
      "_prev_diff_rate": 0.051690125415971566
    }
  }
}