{
  "TradeEngine": {
    "realtime_price": {
      "SOL-USDT": 143.78,
      "BTC-USDT": 89531.4,
      "ETH-USDT": 2203.38,
      "TRUMP-USDT": 13.18,
      "OKB-USDT": 43.07,
      "ADA-USDT": 0.8108
    },
    "_beta_map": {
      "SOL-USDT": [
        1,
        0
      ],
      "BTC-USDT": [
        0.001637905153718782,
        0
      ],
      "ETH-USDT": [
        0.0637085288623273,
        0
      ],
      "TRUMP-USDT": [
        10.61328455371939,
        0
      ],
      "OKB-USDT": [
        3.484039158101929,
        0
      ],
      "ADA-USDT": [
        216.19436190196947,
        0
      ]
    }
  },
  "HedgeProcessor": {
    "BTC-USDT:ETH-USDT": {
      "_prev_diff_rate": 0.020997708201384045
    },
    "ETH-USDT:OKB-USDT": {
      "_prev_diff_rate": 0.034968104229934835
    },
    "BTC-USDT:OKB-USDT": {
      "_prev_diff_rate": 0.051690125415971566
    }
  }
}