{
  "TradeEngine": {
    "realtime_price": {
      "SOL-USDT": 148.01,
      "BTC-USDT": 90461.1,
      "ETH-USDT": 2229.01,
      "TRUMP-USDT": 13.439,
      "OKB-USDT": 43.42,
      "ADA-USDT": 0.8108
    },
    "_beta_map": {
      "SOL-USDT": [
        1,
        0
      ],
      "BTC-USDT": [
        0.0016393378093903313,
        0
      ],
      "ETH-USDT": [
        0.06541810754240641,
        0
      ],
      "TRUMP-USDT": [
        10.662925033541367,
        0
      ],
      "OKB-USDT": [
        3.110520494706972,
        0
      ],
      "ADA-USDT": [
        216.19436190196947,
        0
      ]
    }
  },
  "HedgeProcessor": {
    "BTC-USDT:ETH-USDT": {
      "_prev_diff_rate": 0
    },
    "ETH-USDT:OKB-USDT": {
      "_prev_diff_rate": 0.034968104229934835
    },
    "BTC-USDT:OKB-USDT": {
      "_prev_diff_rate": 0.051690125415971566
    }
  }
}