{
  "SOL-USDT": [
    1,
    0
  ],
  "BTC-USDT": [
    0.0016230451602398397,
    0
  ],
  "ETH-USDT": [
    0.059692478931050175,
    0
  ],
  "TRUMP-USDT": [
    10.538691497083425,
    0
  ],
  "OKB-USDT": [
    3.029098557022328,
    0
  ]
}