{
  "SOL-USDT": [
    1,
    0
  ],
  "BTC-USDT": [
    0.0016252210405049807,
    0
  ],
  "ETH-USDT": [
    0.05932984891983063,
    0
  ],
  "TRUMP-USDT": [
    10.685914011054367,
    0
  ],
  "OKB-USDT": [
    3.10064372102122,
    0
  ]
}