{
  "SOL-USDT": [
    1,
    0
  ],
  "BTC-USDT": [
    0.0016302933226127136,
    0
  ],
  "ETH-USDT": [
    0.05961035355981114,
    0
  ],
  "TRUMP-USDT": [
    10.650847580162408,
    0
  ],
  "OKB-USDT": [
    3.0787593790989103,
    0
  ]
}