{
  "BTC-USDT": 1,
  "SOL-USDT": 618.7445629648514,
  "ETH-USDT": 35.66172385554515,
  "TRUMP-USDT": 6558.535768254414,
  "OKB-USDT": 1975.567873717578
}