{
  "SOL-USDT": [
    1,
    0
  ],
  "BTC-USDT": [
    0.0016225031597961184,
    0
  ],
  "ETH-USDT": [
    0.059686916380210196,
    0
  ],
  "TRUMP-USDT": [
    10.519756989272693,
    0
  ],
  "OKB-USDT": [
    3.029302259029366,
    0
  ]
}