{
  "SOL-USDT": [
    1,
    0
  ],
  "BTC-USDT": [
    0.001620447204377406,
    0
  ],
  "ETH-USDT": [
    0.057487502799260404,
    0
  ],
  "TRUMP-USDT": [
    10.519876805533231,
    0
  ],
  "OKB-USDT": [
    3.0386441967472626,
    0
  ]
}