{
  "SOL-USDT": [
    1,
    0
  ],
  "BTC-USDT": [
    0.00162635140007662,
    0
  ],
  "ETH-USDT": [
    0.05964869980907155,
    0
  ],
  "TRUMP-USDT": [
    10.640998995875277,
    0
  ],
  "OKB-USDT": [
    3.0650987709322886,
    0
  ]
}